AgeGroup,Avg Likes,Avg Retweets
Teen,85.97058823529412,23.970588235294116
Adult,80.44680851063829,24.872340425531913
Senior,74.3157894736842,29.789473684210527
