Sentiment,Avg Likes,Avg Retweets
Neutral,84.95238095238095,28.095238095238095
Negative,81.55263157894737,28.157894736842106
Positive,78.85365853658537,21.70731707317073
